<?xml version="1.0" encoding="UTF-8" standalone="yes"?>
<addon id="script.module.securitycam"
       name="Security Cam Overlay"
       version="0.2.2"
       provider-name="Ryan Melena">
  <requires>
    <import addon="xbmc.python" version="2.14.0"/>
  </requires>
  <extension point="xbmc.python.script" library="default.py">
    <provides>executable</provides>
  </extension>
  <extension point="xbmc.addon.metadata">
    <platform>all</platform>
    <summary lang="en">A script to support the overlay of a security camera image feed.</summary>
    <description lang="en">A script to support the overlay of a security camera image feed.</description>
  </extension>
</addon>
